filename;salam_id
00000001.png;000001
00000002.png;000002
00000003.png;000002
00000004.png;000003
00000005.png;000003
00000006.png;000003
00000007.png;000004
00000008.png;000004
00000009.png;000004
00000010.png;000004
00000011.png;000004
00000012.png;000001
00000013.png;000002
00000014.png;000002
00000015.png;000002
00000016.png;000005
00000017.png;000005
00000018.png;000003
00000019.png;000003
00000020.png;000004
00000021.png;000006
00000022.png;000006
00000023.png;000006
00000024.png;000007
00000025.png;000007
00000026.png;000007
00000027.png;000007
00000028.png;000008
00000029.png;000008
00000030.png;000008
00000031.png;000009
00000032.png;000009
00000033.png;000009
00000034.png;000009
00000035.png;000010
00000036.png;000010
00000037.png;000010
00000038.png;000010
00000039.png;000010
00000040.png;000010
00000041.png;000011
00000042.png;000011
00000043.png;000011
00000044.png;000011
00000045.png;000011
00000046.png;000012
00000047.png;000012
00000048.png;000012
00000049.png;000012
00000050.png;000012
00000051.png;000013
00000052.png;000013
00000053.png;000013
00000054.png;000013
00000055.png;000013
00000056.png;000013
00000057.png;000014
00000058.png;000014
00000059.png;000014
00000060.png;000014
00000061.png;000014
00000062.png;000014
00000063.png;000014
00000064.png;000014
00000065.png;000014
00000066.png;000015
00000067.png;000015
00000068.png;000016
00000069.png;000016
00000070.png;000016
00000071.png;000016
00000072.png;000017
00000073.png;000017
00000074.png;000017
00000075.png;000018
00000076.png;000018
00000077.png;000018
00000078.png;000019
00000079.png;000019
00000080.png;000019
00000081.png;000019
00000082.png;000020
00000083.png;000020
00000084.png;000021
00000085.png;000021
00000086.png;000021
00000087.png;000021
00000088.png;000021
00000089.png;000022
00000090.png;000022
00000091.png;000022
00000092.png;000022
00000093.png;000023
00000094.png;000023
00000095.png;000023
00000096.png;000023
00000097.png;000024
00000098.png;000025
00000099.png;000026
00000100.png;000026
00000101.png;000026
00000102.png;000026
00000103.png;000026
00000104.png;000026
00000105.png;000026
00000106.png;000027
00000107.png;000027
00000108.png;000027
00000109.png;000028
00000110.png;000028
00000111.png;000028
00000112.png;000028
00000113.png;000028
00000114.png;000028
00000115.png;000028
00000116.png;000028
00000117.png;000028
00000118.png;000029
00000119.png;000029
00000120.png;000029
00000121.png;000029
00000122.png;000030
00000123.png;000030
00000124.png;000030
00000125.png;000031
00000126.png;000031
00000127.png;000031
00000128.png;000031
00000129.png;000031
00000130.png;000032
00000131.png;000032
00000132.png;000032
00000133.png;000032
00000134.png;000032
00000135.png;000032
00000136.png;000032
00000137.png;000032
00000138.png;000033
00000139.png;000033
00000140.png;000033
00000141.png;000033
00000142.png;000033
00000143.png;000033
00000144.png;000033
00000145.png;000033
00000146.png;000034
00000147.png;000034
00000148.png;000034
00000149.png;000034
00000150.png;000034
00000151.png;000034
00000152.png;000034
00000153.png;000034
00000154.png;000016
00000155.png;000016
00000156.png;000016
00000157.png;000016
00000158.png;000016
00000159.png;000014
00000160.png;000014
00000161.png;000014
00000162.png;000014
00000163.png;000014
00000164.png;000014
00000165.png;000014
00000166.png;000014
00000167.png;000035
00000168.png;000035
00000169.png;000035
00000170.png;000035
00000171.png;000035
00000172.png;000035
00000173.png;000035
00000174.png;000035
00000175.png;000010
00000176.png;000010
00000177.png;000010
00000178.png;000010
00000179.png;000010
00000180.png;000009
00000181.png;000009
00000182.png;000009
00000183.png;000009
00000184.png;000036
00000185.png;000036
00000186.png;000036
00000187.png;000036
00000188.png;000036
00000189.png;000036
00000190.png;000036
00000191.png;000037
00000192.png;000037
00000193.png;000037
00000194.png;000037
00000195.png;000037
00000196.png;000037
00000197.png;000038
00000198.png;000038
00000199.png;000038
00000200.png;000038
00000201.png;000038
00000202.png;000039
00000203.png;000039
00000204.png;000039
00000205.png;000039
00000206.png;000039
00000207.png;000039
00000208.png;000040
00000209.png;000040
00000210.png;000040
00000211.png;000041
00000212.png;000041
00000213.png;000041
00000214.png;000041
00000215.png;000041
00000216.png;000009
00000217.png;000009
00000218.png;000010
00000219.png;000010
00000220.png;000010
00000221.png;000011
00000222.png;000011
00000223.png;000010
00000224.png;000012
00000225.png;000012
00000226.png;000012
00000227.png;000012
00000228.png;000013
00000229.png;000013
00000230.png;000014
00000231.png;000015
00000232.png;000015
00000233.png;000015
00000234.png;000015
00000235.png;000014
00000236.png;000014
00000237.png;000014
00000238.png;000016
00000239.png;000016
00000240.png;000016
00000241.png;000017
00000242.png;000017
00000243.png;000018
00000244.png;000018
00000245.png;000018
00000246.png;000018
00000247.png;000018
00000248.png;000019
00000249.png;000019
00000250.png;000020
00000251.png;000020
00000252.png;000021
00000253.png;000021
00000254.png;000021
00000255.png;000021
00000256.png;000023
00000257.png;000023
00000258.png;000023
00000259.png;000024
00000260.png;000024
00000261.png;000024
00000262.png;000024
00000263.png;000024
00000264.png;000024
00000265.png;000025
00000266.png;000025
00000267.png;000025
00000268.png;000025
00000269.png;000025
00000270.png;000026
00000271.png;000026
00000272.png;000026
00000273.png;000027
00000274.png;000027
00000275.png;000027
00000276.png;000027
00000277.png;000028
00000278.png;000028
00000279.png;000029
00000280.png;000029
00000281.png;000030
00000282.png;000030
00000283.png;000030
00000284.png;000031
00000285.png;000031
00000286.png;000031
00000287.png;000032
00000288.png;000032
00000289.png;000032
00000290.png;000032
00000291.png;000033
00000292.png;000033
00000293.png;000033
00000294.png;000034
00000295.png;000034
00000296.png;000016
00000297.png;000014
00000298.png;000042
00000299.png;000042
00000300.png;000042
mandeldemo_00000049.png;mandeldemo_000041
mandeldemo_00000066.png;mandeldemo_000058
mandeldemo_00000093.png;mandeldemo_000077
mandeldemo_00000116.png;mandeldemo_000058
mandeldemo_00000570.png;mandeldemo_000058
mandeldemo_00000574.png;mandeldemo_000077
mandeldemo_00000721.png;mandeldemo_000058
mandeldemo_00000776.png;mandeldemo_000041
mandeldemo_00000778.png;mandeldemo_000077
mandeldemo_00000847.png;mandeldemo_000553
mandeldemo_00000988.png;mandeldemo_000077
mandeldemo_00001087.png;mandeldemo_000058
mandeldemo_00001088.png;mandeldemo_000077
mandeldemo_00001135.png;mandeldemo_000041
mandeldemo_00001137.png;mandeldemo_000058
mandeldemo_00001164.png;mandeldemo_000041
mandeldemo_00001286.png;mandeldemo_000041
mandeldemo_00001288.png;mandeldemo_000077
mandeldemo_00001414.png;mandeldemo_000553
mandeldemo_00001503.png;mandeldemo_000077
mandeldemo_00001668.png;mandeldemo_000041
mandeldemo_00001698.png;mandeldemo_000041
mandeldemo_00001898.png;mandeldemo_000553
mandeldemo_00002373.png;mandeldemo_000553
mandeldemo_00002452.png;mandeldemo_000041
mandeldemo_00002512.png;mandeldemo_000077
mandeldemo_00002513.png;mandeldemo_000077
mandeldemo_00002619.png;mandeldemo_000041
mandeldemo_00002956.png;mandeldemo_000058
mandeldemo_00002957.png;mandeldemo_000058
mandeldemo_00002958.png;mandeldemo_000058
mandeldemo_00002959.png;mandeldemo_000058
mandeldemo_00003412.png;mandeldemo_000553
mandeldemo_00003413.png;mandeldemo_000553
mandeldemo_00003414.png;mandeldemo_000553
mandeldemo_00007123.png;mandeldemo_000475
mandeldemo_00007138.png;mandeldemo_000379
mandeldemo_00007140.png;mandeldemo_002105
mandeldemo_00007141.png;mandeldemo_000963
mandeldemo_00007142.png;mandeldemo_001934
mandeldemo_00007143.png;mandeldemo_002106
mandeldemo_00007144.png;mandeldemo_002107
mandeldemo_00007145.png;mandeldemo_000409
mandeldemo_00007146.png;mandeldemo_000325
mandeldemo_00007147.png;mandeldemo_000609
mandeldemo_00007149.png;mandeldemo_001970
mandeldemo_00007150.png;mandeldemo_000304
mandeldemo_00007151.png;mandeldemo_002108
mandeldemo_00007152.png;mandeldemo_002109
mandeldemo_00007153.png;mandeldemo_002110
mandeldemo_00007154.png;mandeldemo_000947
mandeldemo_00007155.png;mandeldemo_002111
mandeldemo_00007156.png;mandeldemo_001983
mandeldemo_00007157.png;mandeldemo_002112
mandeldemo_00007158.png;mandeldemo_001425
mandeldemo_00007159.png;mandeldemo_001309
mandeldemo_00007160.png;mandeldemo_001250
mandeldemo_00007161.png;mandeldemo_001208
mandeldemo_00007162.png;mandeldemo_000241
mandeldemo_00007163.png;mandeldemo_000103
mandeldemo_00007164.png;mandeldemo_002035
mandeldemo_00007165.png;mandeldemo_000456
mandeldemo_00007166.png;mandeldemo_002113
mandeldemo_00007167.png;mandeldemo_000175
mandeldemo_00007168.png;mandeldemo_000653
mandeldemo_00007169.png;mandeldemo_000148
mandeldemo_00007170.png;mandeldemo_001674
mandeldemo_00007171.png;mandeldemo_002114
mandeldemo_00007172.png;mandeldemo_000802
mandeldemo_00007173.png;mandeldemo_000804
mandeldemo_00007174.png;mandeldemo_000661
mandeldemo_00007175.png;mandeldemo_000330
mandeldemo_00007176.png;mandeldemo_000246
mandeldemo_00007177.png;mandeldemo_000907
mandeldemo_00007178.png;mandeldemo_002115
mandeldemo_00007179.png;mandeldemo_000634
mandeldemo_00007180.png;mandeldemo_002116
mandeldemo_00007181.png;mandeldemo_000782
mandeldemo_00007182.png;mandeldemo_000630
mandeldemo_00007183.png;mandeldemo_000631
mandeldemo_00007184.png;mandeldemo_000311
mandeldemo_00007185.png;mandeldemo_001499
mandeldemo_00007186.png;mandeldemo_000635
mandeldemo_00007187.png;mandeldemo_000640
mandeldemo_00007188.png;mandeldemo_001653
mandeldemo_00007189.png;mandeldemo_000666
mandeldemo_00007190.png;mandeldemo_000562
mandeldemo_00007191.png;mandeldemo_000668
mandeldemo_00007192.png;mandeldemo_000111
mandeldemo_00007193.png;mandeldemo_001567
mandeldemo_00007194.png;mandeldemo_002000
mandeldemo_00007195.png;mandeldemo_001572
mandeldemo_00007196.png;mandeldemo_001622
mandeldemo_00007197.png;mandeldemo_002117
mandeldemo_00007198.png;mandeldemo_002118
mandeldemo_00007199.png;mandeldemo_000570
mandeldemo_00007200.png;mandeldemo_002119
mandeldemo_00007201.png;mandeldemo_000673
mandeldemo_00007202.png;mandeldemo_000475
mandeldemo_00007203.png;mandeldemo_002120
mandeldemo_00007204.png;mandeldemo_001888
mandeldemo_00007205.png;mandeldemo_000861
mandeldemo_00007206.png;mandeldemo_001858
mandeldemo_00007207.png;mandeldemo_000675
mandeldemo_00007208.png;mandeldemo_000889
mandeldemo_00007209.png;mandeldemo_001012
mandeldemo_00007210.png;mandeldemo_000702
mandeldemo_00007211.png;mandeldemo_001015
mandeldemo_00007213.png;mandeldemo_001246
mandeldemo_00007214.png;mandeldemo_002121
mandeldemo_00007215.png;mandeldemo_000942
mandeldemo_00007217.png;mandeldemo_001016
mandeldemo_00007218.png;mandeldemo_001625
mandeldemo_00007219.png;mandeldemo_002122
mandeldemo_00007220.png;mandeldemo_001687
mandeldemo_00007221.png;mandeldemo_002123
mandeldemo_00007222.png;mandeldemo_001446
mandeldemo_00007223.png;mandeldemo_000058
mandeldemo_00007224.png;mandeldemo_000940
mandeldemo_00007225.png;mandeldemo_000757
mandeldemo_00007226.png;mandeldemo_000214
mandeldemo_00007227.png;mandeldemo_001117
mandeldemo_00007228.png;mandeldemo_001631
mandeldemo_00007229.png;mandeldemo_000065
mandeldemo_00007230.png;mandeldemo_001719
mandeldemo_00007231.png;mandeldemo_001016
mandeldemo_00007232.png;mandeldemo_001625
mandeldemo_00007233.png;mandeldemo_002122
mandeldemo_00007234.png;mandeldemo_001687
mandeldemo_00007235.png;mandeldemo_002123
mandeldemo_00007236.png;mandeldemo_001446
mandeldemo_00007237.png;mandeldemo_000058
mandeldemo_00007238.png;mandeldemo_000940
mandeldemo_00007239.png;mandeldemo_000757
mandeldemo_00007240.png;mandeldemo_000214
mandeldemo_00007241.png;mandeldemo_001117
mandeldemo_00007242.png;mandeldemo_001631
mandeldemo_00007243.png;mandeldemo_000065
mandeldemo_00007244.png;mandeldemo_001719
mandeldemo_00007245.png;mandeldemo_001016
mandeldemo_00007246.png;mandeldemo_001625
mandeldemo_00007247.png;mandeldemo_002122
mandeldemo_00007248.png;mandeldemo_001687
mandeldemo_00007249.png;mandeldemo_002123
mandeldemo_00007250.png;mandeldemo_001446
mandeldemo_00007251.png;mandeldemo_000058
mandeldemo_00007252.png;mandeldemo_000940
mandeldemo_00007253.png;mandeldemo_000757
mandeldemo_00007254.png;mandeldemo_000214
mandeldemo_00007255.png;mandeldemo_001117
mandeldemo_00007256.png;mandeldemo_001631
mandeldemo_00007257.png;mandeldemo_000065
mandeldemo_00007258.png;mandeldemo_001719
mandeldemo_00007259.png;mandeldemo_001016
mandeldemo_00007260.png;mandeldemo_001625
mandeldemo_00007261.png;mandeldemo_002122
mandeldemo_00007262.png;mandeldemo_001687
mandeldemo_00007263.png;mandeldemo_002123
mandeldemo_00007264.png;mandeldemo_001446
mandeldemo_00007265.png;mandeldemo_000058
mandeldemo_00007266.png;mandeldemo_000940
mandeldemo_00007267.png;mandeldemo_000757
mandeldemo_00007268.png;mandeldemo_000214
mandeldemo_00007269.png;mandeldemo_001117
mandeldemo_00007270.png;mandeldemo_001631
mandeldemo_00007271.png;mandeldemo_000065
mandeldemo_00007272.png;mandeldemo_001719
mandeldemo_00007273.png;mandeldemo_001016
mandeldemo_00007274.png;mandeldemo_001625
mandeldemo_00007275.png;mandeldemo_002122
mandeldemo_00007276.png;mandeldemo_001687
mandeldemo_00007277.png;mandeldemo_002123
mandeldemo_00007278.png;mandeldemo_001446
mandeldemo_00007279.png;mandeldemo_000058
mandeldemo_00007280.png;mandeldemo_000940
mandeldemo_00007281.png;mandeldemo_000757
mandeldemo_00007282.png;mandeldemo_000214
mandeldemo_00007283.png;mandeldemo_001117
mandeldemo_00007284.png;mandeldemo_001631
mandeldemo_00007285.png;mandeldemo_000065
mandeldemo_00007286.png;mandeldemo_001719
mandeldemo_00007287.png;mandeldemo_001016
mandeldemo_00007288.png;mandeldemo_001625
mandeldemo_00007289.png;mandeldemo_002122
mandeldemo_00007290.png;mandeldemo_001687
mandeldemo_00007291.png;mandeldemo_002123
mandeldemo_00007292.png;mandeldemo_001446
mandeldemo_00007293.png;mandeldemo_000058
mandeldemo_00007294.png;mandeldemo_000940
mandeldemo_00007295.png;mandeldemo_000757
mandeldemo_00007296.png;mandeldemo_000214
mandeldemo_00007297.png;mandeldemo_001117
mandeldemo_00007298.png;mandeldemo_001631
mandeldemo_00007299.png;mandeldemo_000065
mandeldemo_00007300.png;mandeldemo_001719
mandeldemo_00007301.png;mandeldemo_001016
mandeldemo_00007302.png;mandeldemo_001625
mandeldemo_00007303.png;mandeldemo_002122
mandeldemo_00007304.png;mandeldemo_001687
mandeldemo_00007305.png;mandeldemo_002123
mandeldemo_00007306.png;mandeldemo_001446
mandeldemo_00007307.png;mandeldemo_000058
mandeldemo_00007308.png;mandeldemo_000940
mandeldemo_00007309.png;mandeldemo_000757
mandeldemo_00007310.png;mandeldemo_000214
mandeldemo_00007311.png;mandeldemo_001117
mandeldemo_00007312.png;mandeldemo_001631
mandeldemo_00007313.png;mandeldemo_000065
mandeldemo_00007314.png;mandeldemo_001719
mandeldemo_00007315.png;mandeldemo_001016
mandeldemo_00007316.png;mandeldemo_001625
mandeldemo_00007317.png;mandeldemo_002122
mandeldemo_00007318.png;mandeldemo_001687
mandeldemo_00007319.png;mandeldemo_002123
mandeldemo_00007320.png;mandeldemo_001446
mandeldemo_00007321.png;mandeldemo_000058
mandeldemo_00007322.png;mandeldemo_000940
mandeldemo_00007323.png;mandeldemo_000757
mandeldemo_00007324.png;mandeldemo_000214
mandeldemo_00007325.png;mandeldemo_001117
mandeldemo_00007326.png;mandeldemo_001631
mandeldemo_00007327.png;mandeldemo_000065
mandeldemo_00007328.png;mandeldemo_001719
mandeldemo_00007329.png;mandeldemo_001016
mandeldemo_00007330.png;mandeldemo_001625
mandeldemo_00007331.png;mandeldemo_002122
mandeldemo_00007332.png;mandeldemo_001687
mandeldemo_00007333.png;mandeldemo_002123
mandeldemo_00007334.png;mandeldemo_001446
mandeldemo_00007335.png;mandeldemo_000058
mandeldemo_00007336.png;mandeldemo_000940
mandeldemo_00007337.png;mandeldemo_000757
mandeldemo_00007338.png;mandeldemo_000214
mandeldemo_00007339.png;mandeldemo_001117
mandeldemo_00007340.png;mandeldemo_001631
mandeldemo_00007341.png;mandeldemo_000065
mandeldemo_00007342.png;mandeldemo_001719
mandeldemo_00007343.png;mandeldemo_001016
mandeldemo_00007344.png;mandeldemo_001625
mandeldemo_00007345.png;mandeldemo_002122
mandeldemo_00007346.png;mandeldemo_000304
mandeldemo_00007355.png;mandeldemo_000074
mandeldemo_00007356.png;mandeldemo_001225
mandeldemo_00007357.png;mandeldemo_001438
mandeldemo_00007358.png;mandeldemo_001276
mandeldemo_00007359.png;mandeldemo_000005
mandeldemo_00007360.png;mandeldemo_001012
mandeldemo_00007361.png;mandeldemo_002140
mandeldemo_00007363.png;mandeldemo_000932
mandeldemo_00007364.png;mandeldemo_001015
mandeldemo_00007365.png;mandeldemo_000702
mandeldemo_00007366.png;mandeldemo_002141
mandeldemo_00007367.png;mandeldemo_001016
mandeldemo_00007368.png;mandeldemo_001340
mandeldemo_00007369.png;mandeldemo_001625
mandeldemo_00007370.png;mandeldemo_001895
mandeldemo_00007371.png;mandeldemo_001446
mandeldemo_00007372.png;mandeldemo_002142
mandeldemo_00007373.png;mandeldemo_000876
mandeldemo_00007374.png;mandeldemo_000707
mandeldemo_00007375.png;mandeldemo_001201
mandeldemo_00007376.png;mandeldemo_002143
mandeldemo_00007377.png;mandeldemo_002144
mandeldemo_00007378.png;mandeldemo_000058
mandeldemo_00007379.png;mandeldemo_000500
mandeldemo_00007380.png;mandeldemo_001631
mandeldemo_00007381.png;mandeldemo_000687
mandeldemo_00007382.png;mandeldemo_000352
mandeldemo_00007383.png;mandeldemo_001667
mandeldemo_00007384.png;mandeldemo_000065
mandeldemo_00007385.png;mandeldemo_001349
mandeldemo_00007386.png;mandeldemo_001350
mandeldemo_00008068.png;mandeldemo_002318
mandeldemo_00008069.png;mandeldemo_002319
mandeldemo_00008070.png;mandeldemo_002320
mandeldemo_00008071.png;mandeldemo_002321
mandeldemo_00008072.png;mandeldemo_002322
mandeldemo_00008073.png;mandeldemo_001025
mandeldemo_00008074.png;mandeldemo_000372
mandeldemo_00008075.png;mandeldemo_000379
mandeldemo_00008076.png;mandeldemo_002171
mandeldemo_00008077.png;mandeldemo_000534
mandeldemo_00008078.png;mandeldemo_002323
mandeldemo_00008079.png;mandeldemo_002324
mandeldemo_00008080.png;mandeldemo_002325
mandeldemo_00008081.png;mandeldemo_001292
mandeldemo_00008082.png;mandeldemo_002326
mandeldemo_00008083.png;mandeldemo_002327
mandeldemo_00008084.png;mandeldemo_002328
mandeldemo_00008085.png;mandeldemo_002329
mandeldemo_00008086.png;mandeldemo_002330
mandeldemo_00008087.png;mandeldemo_002331
mandeldemo_00008088.png;mandeldemo_000970
mandeldemo_00008089.png;mandeldemo_001788
mandeldemo_00008090.png;mandeldemo_001733
mandeldemo_00008091.png;mandeldemo_002332
mandeldemo_00008092.png;mandeldemo_002333
mandeldemo_00008093.png;mandeldemo_002211
mandeldemo_00008094.png;mandeldemo_000609
mandeldemo_00008095.png;mandeldemo_000441
mandeldemo_00008096.png;mandeldemo_000105
mandeldemo_00008097.png;mandeldemo_000897
mandeldemo_00008098.png;mandeldemo_002334
mandeldemo_00008099.png;mandeldemo_001809
mandeldemo_00008100.png;mandeldemo_002335
mandeldemo_00008101.png;mandeldemo_002295
mandeldemo_00008102.png;mandeldemo_002336
mandeldemo_00008103.png;mandeldemo_002066
mandeldemo_00008104.png;mandeldemo_001597
mandeldemo_00008105.png;mandeldemo_001388
mandeldemo_00008106.png;mandeldemo_002337
mandeldemo_00008107.png;mandeldemo_002108
mandeldemo_00008108.png;mandeldemo_000304
mandeldemo_00008109.png;mandeldemo_000173
mandeldemo_00008110.png;mandeldemo_001048
mandeldemo_00008111.png;mandeldemo_001425
mandeldemo_00008112.png;mandeldemo_000279
mandeldemo_00008113.png;mandeldemo_001208
mandeldemo_00008114.png;mandeldemo_000985
mandeldemo_00008115.png;mandeldemo_000103
mandeldemo_00008116.png;mandeldemo_000522
mandeldemo_00008117.png;mandeldemo_000553
mandeldemo_00008118.png;mandeldemo_000519
mandeldemo_00008119.png;mandeldemo_001069
mandeldemo_00008120.png;mandeldemo_002338
mandeldemo_00008121.png;mandeldemo_000148
mandeldemo_00008122.png;mandeldemo_001914
mandeldemo_00008123.png;mandeldemo_000802
mandeldemo_00008124.png;mandeldemo_001699
mandeldemo_00008125.png;mandeldemo_001604
mandeldemo_00008126.png;mandeldemo_002339
mandeldemo_00008127.png;mandeldemo_002340
mandeldemo_00008128.png;mandeldemo_000345
mandeldemo_00008129.png;mandeldemo_000634
mandeldemo_00008130.png;mandeldemo_000554
mandeldemo_00008131.png;mandeldemo_001430
mandeldemo_00008132.png;mandeldemo_002341
mandeldemo_00008604.png;mandeldemo_000475
mandeldemo_00008689.png;mandeldemo_000475
mandeldemo_00010507.png;mandeldemo_000475
00000301.png;000039
00000302.png;000040
00000304.png;000040
00000305.png;000040
00000306.png;000040
00000307.png;000041
00000308.png;000041
00000310.png;000042
00000311.png;000042
00000312.png;000042
00000314.png;000042
00000317.png;000043
00000318.png;000043
mandeldemo_00008133.png;mandeldemo_002113
mandeldemo_00008134.png;mandeldemo_000630
mandeldemo_00008137.png;mandeldemo_000330
mandeldemo_00008138.png;mandeldemo_000906
mandeldemo_00008140.png;mandeldemo_000312
mandeldemo_00008144.png;mandeldemo_000635
mandeldemo_00008147.png;mandeldemo_001557
mandeldemo_00008149.png;mandeldemo_002344
mandeldemo_00008150.png;mandeldemo_001322
mandeldemo_00008152.png;mandeldemo_002345
mandeldemo_00008155.png;mandeldemo_001085
mandeldemo_00008156.png;mandeldemo_002346
mandeldemo_00008158.png;mandeldemo_002347
mandeldemo_00008160.png;mandeldemo_002349
mandeldemo_00008161.png;mandeldemo_000666
mandeldemo_00008162.png;mandeldemo_001918
mandeldemo_00008164.png;mandeldemo_002351
mandeldemo_00008165.png;mandeldemo_001564
mandeldemo_00008166.png;mandeldemo_001745
mandeldemo_00008169.png;mandeldemo_001853
mandeldemo_00008170.png;mandeldemo_002043
mandeldemo_00008172.png;mandeldemo_001655
mandeldemo_00008173.png;mandeldemo_001094
mandeldemo_00008174.png;mandeldemo_000699
mandeldemo_00008175.png;mandeldemo_001092
mandeldemo_00008176.png;mandeldemo_001795
mandeldemo_00008178.png;mandeldemo_000010
mandeldemo_00008179.png;mandeldemo_001096
mandeldemo_00008181.png;mandeldemo_001772
mandeldemo_00008182.png;mandeldemo_000862
mandeldemo_00008183.png;mandeldemo_001683
mandeldemo_00008184.png;mandeldemo_002352
mandeldemo_00008191.png;mandeldemo_000475
mandeldemo_00008192.png;mandeldemo_001003
mandeldemo_00008195.png;mandeldemo_001708
mandeldemo_00008196.png;mandeldemo_001005
mandeldemo_00008198.png;mandeldemo_000674
mandeldemo_00008199.png;mandeldemo_000929
mandeldemo_00008200.png;mandeldemo_001657
mandeldemo_00008202.png;mandeldemo_000819
mandeldemo_00008204.png;mandeldemo_000861
mandeldemo_00008205.png;mandeldemo_000012
mandeldemo_00008206.png;mandeldemo_000074
mandeldemo_00008213.png;mandeldemo_001108
mandeldemo_00008215.png;mandeldemo_001573
mandeldemo_00008225.png;mandeldemo_001015
mandeldemo_00008227.png;mandeldemo_000957
mandeldemo_00008506.png;mandeldemo_002425
mandeldemo_00008510.png;mandeldemo_001093
mandeldemo_00008513.png;mandeldemo_002427
mandeldemo_00008514.png;mandeldemo_000477
mandeldemo_00008515.png;mandeldemo_002428
mandeldemo_00008517.png;mandeldemo_002429
andenne_a2.png;ande_a2
andenne_IMG_20200220_200537.png;ande_a2
andenne_IMG_20200220_200539.png;ande_a2
andenne_a3.png;ande_a3
andenne_IMG_20200220_190915.png;ande_a3
andenne_P2221235.png;ande_a3
andenne_a4.png;ande_a4
andenne_IMG_20200220_192110.png;ande_a4
andenne_a6.png;ande_a6
andenne_IMG_20200220_194946.png;ande_a6
andenne_P2221230.png;ande_a6
andenne_a8.png;ande_a8
andenne_P3021274.png;ande_a8
andenne_a13.png;ande_a13
andenne_P2221231.png;ande_a13
andenne_a17.png;ande_a17
andenne_P2221233.png;ande_a17
andenne_a18.png;ande_a18
andenne_P2221243.png;ande_a18
andenne_a27.png;ande_a27
andenne_P4281426.png;ande_a27
andenne_a47.png;ande_a47
andenne_P3021275.png;ande_a47
andenne_a56.png;ande_a56
andenne_P3111278.png;ande_a56
andenne_a76.png;ande_a76
andenne_P4281492.png;ande_a76
andenne_a80.png;ande_a80
andenne_P4181367.png;ande_a80
andenne_a122.png;ande_a122
andenne_P4281358.png;ande_a122
andenne_a133.png;ande_a133
andenne_P4281490.png;ande_a133
andenne_a140.png;ande_a140
andenne_P4281469.png;ande_a140
andenne_a143.png;ande_a143
andenne_P4281464.png;ande_a143
andenne_a151.png;ande_a151
andenne_P4291354.png;ande_a151
andenne_a159.png;ande_a159
andenne_P4281399.png;ande_a159
andenne_a194.png;ande_a194
andenne_P4281445.png;ande_a194
andenne_a199.png;ande_a199
andenne_P4281451.png;ande_a199
andenne_a205.png;ande_a205
andenne_P4281459.png;ande_a205
